Subtype	Length	cDNA #	cDNA %
UTR3 mRNA	432127	4	0.4429678848283499
UTR5 mRNA	95196	2	0.22148394241417496
ncRNA lncRNA	1087430	10	1.1074197120708749
intron pre-mRNA	10934151	358	39.64562569213732
intron lncRNA	11011521	77	8.527131782945736
intergenic	72336895	452	50.055370985603545
