Type	Length	cDNA #	cDNA %
CDS	354729	1	0.1152073732718894
UTR3	432127	3	0.3456221198156682
ncRNA	1095171	6	0.6912442396313364
intron	21945672	432	49.76958525345622
intergenic	72336895	426	49.07834101382488
