Type	Length	cDNA #	cDNA %
UTR3	432127	4	0.4429678848283499
UTR5	95196	2	0.22148394241417496
ncRNA	1095171	10	1.1074197120708749
intron	21945672	435	48.17275747508305
intergenic	72336895	452	50.055370985603545
