Subtype	Length	cDNA #	cDNA %
CDS mRNA	354729	1	0.1152073732718894
UTR3 mRNA	432127	3	0.3456221198156682
ncRNA lncRNA	1087430	6	0.6912442396313364
intron pre-mRNA	10934151	369	42.51152073732719
intron lncRNA	11011521	63	7.258064516129033
intergenic	72336895	426	49.07834101382488
